id,nhogar,miembro,comuna,dominio,edad,sexo,parentesco_jefe,situacion_conyugal,num_miembro_padre,num_miembro_madre,estado_ocupacional,cat_ocupacional,calidad_ingresos_lab,ingreso_total_lab,calidad_ingresos_no_lab,ingreso_total_no_lab,calidad_ingresos_totales,ingresos_totales,calidad_ingresos_familiares,ingresos_familiares,ingreso_per_capita_familiar,estado_educativo,sector_educativo,nivel_actual,nivel_max_educativo,años_escolaridad,lugar_nacimiento,afiliacion_salud,hijos_nacidos_vivos,cantidad_hijos_nac_vivos
21,1,1,3,Resto de la Ciudad,20,Varon,Jefe,Soltero/a,Padre no vive en el hogar,Madre no vive en el hogar,Desocupado,No corresponde,No tuvo ingresos,0,Tuvo ingresos y declara monto,4000,Tuvo ingresos y declara monto,4000,Tuvo ingresos y declara monto,4000,4000,Asiste,Privado no religioso,Universitario,Otras escuelas especiales,12,Otra provincia,Solo plan de medicina prepaga por contratación voluntaria,,No corresponde
22,1,1,12,Resto de la Ciudad,20,Varon,Jefe,Soltero/a,Padre no vive en el hogar,Madre no vive en el hogar,Inactivo,No corresponde,No tuvo ingresos,0,Tuvo ingresos y declara monto,22000,Tuvo ingresos y declara monto,22000,Tuvo ingresos y declara monto,22000,22000,Asiste,Estatal/publico,Universitario,Otras escuelas especiales,12,PBA excepto GBA,Solo obra social,,No corresponde
23,1,1,14,Resto de la Ciudad,20,Varon,Jefe,Soltero/a,Padre no vive en el hogar,Madre no vive en el hogar,Ocupado,Asalariado,Tuvo ingresos y declara monto,10000,Tuvo ingresos y declara monto,15000,Tuvo ingresos y declara monto,25000,Tuvo ingresos pero no declara monto,55000,27500,Asiste,Privado no religioso,Universitario,Otras escuelas especiales,13,CABA,Otros,,No corresponde
23,1,2,14,Resto de la Ciudad,21,Mujer,Otro familiar,Soltero/a,Padre no vive en el hogar,Madre no vive en el hogar,Ocupado,Trabajador por cuenta propia,Tuvo ingresos pero no declara monto,30000,No tuvo ingresos,0,Tuvo ingresos pero no declara monto,30000,Tuvo ingresos pero no declara monto,55000,27500,Asiste,Privado religioso,Universitario,Otras escuelas especiales,16,CABA,Solo plan de medicina prepaga por contratación voluntaria,No,No corresponde
24,1,1,7,Resto de la Ciudad,20,Varon,Jefe,Soltero/a,Padre no vive en el hogar,Madre no vive en el hogar,Inactivo,No corresponde,No tuvo ingresos,0,Tuvo ingresos y declara monto,20000,Tuvo ingresos y declara monto,20000,Tuvo ingresos y declara monto,20000,20000,Asiste,Privado no religioso,Universitario,Otras escuelas especiales,14,Otra provincia,Solo plan de medicina prepaga por contratación voluntaria,,No corresponde